{
  "id": "dark-heresy",
  "title": "Dark Heresy 2E",
  "description": "Unofficial Foundry VTT System for Dark Heresy 2nd Edition.",
  "version": "4.4.1",
  "minimumCoreVersion" : 11,
  "compatibility" : {
    "minimum" : 11,
    "verified" : 11,
    "maximum" : 11
  },
  "templateVersion": 2,
  "authors": [
	{ "name":"JeansenVaars" }, 
    { "name":"Moo Man",
      "email": "russellt@cubicle7games.com",
      "discord": "Moo Man#7518",
      "reddit": "u/mooman10" }, 
    { "name":"fredthedeadhead" },
    { "name":"Perfectro" }, 
    { "name":"Vendare" },
    { "name":"Silver292" },
    { "name":"Giddy" },
    { "name":"Dazzerix" },
	{ "name":"FilippoPolo" }
  ],
  "scripts": [],
  "esmodules": [
    "script/dark-heresy.js"
  ],
  "styles": [
    "css/dark-heresy.css"
  ],
  "packs": [
    {
      "name": "character-aptitudes",
      "label": "Character Aptitudes",
      "system": "dark-heresy",
      "path": "./packs/aptitudes.db",
      "type": "Item"
    }
  ],
  "languages": [
    {
      "lang": "en",
      "name": "English",
      "path": "lang/en.json"
    },
    {
      "lang": "es",
      "name": "Español",
      "path": "lang/es.json"
    },
    {
      "lang": "fr",
      "name": "Français",
      "path": "lang/fr.json"
    },
	  {
      "lang": "pl",
      "name": "Polski",
      "path": "lang/pl.json"
    }
  ],
  "gridDistance": 1,
  "gridUnits": "m",
  "primaryTokenAttribute": null,
  "secondaryTokenAttribute": null,
  "url": "https://github.com/plglsn/DarkHeresy2E-FoundryVTT",
  "socket": true,
  "manifest": "https://raw.githubusercontent.com/plglsn/DarkHeresy2E-FoundryVTT/test/system.json",
  "download": "https://github.com/plglsn/DarkHeresy2E-FoundryVTT/raw/test/dark-heresy.zip",
  "license": "LICENSE.txt"
}
